tray_id,six_pack,germ_day,cross,line,notes
1_1,1_1,4,B12.10xB12.1,F2,
1_2,1_2,3,B12.10xB12.1,F2,
1_3,1_3,5,B12.10xB12.1,F2,
1_4,1_4,4,B12.10xB12.1,F2,
1_5,1_5,4,B12.10xB12.1,F2,
1_6,1_6,7,B12.10xB12.1,F2,
1_7,2_1,3,B12.10xB12.1,F2,
1_8,,,B12.10xB12.1,F2,
1_9,2_2,4,B12.10xB12.1,F2,
1_10,2_3,6,B12.10xB12.1,F2,
1_11,2_4,5,B12.10xB12.1,F2,
1_12,2_5,6,B12.10xB12.1,F2,
1_13,2_6,5,B12.10xB12.1,F2,
1_14,3_1,7,B12.10xB12.1,F2,
1_15,3_2,3,B12.10xB12.1,F2,
1_16,3_3,6,B12.10xB12.1,F2,
1_17,3_4,6,B12.10xB12.1,F2,
1_18,3_5,3,B12.10xB12.1,F2,
1_19,3_6,3,B12.10xB12.1,F2,
1_20,4_1,3,B12.10xB12.1,F2,
1_21,,,B12.10xB12.1,F2,
1_22,4_2,7,B12.10xB12.1,F2,
1_23,4_3,3,B12.10xB12.1,F2,
1_24,4_4,3,B12.10xB12.1,F2,
1_25,4_5,6,B12.10xB12.1,F2,
1_26,4_6,3,B12.10xB12.1,F2,
1_27,5_1,3,B12.10xB12.1,F2,
1_28,5_2,6,B12.10xB12.1,F2,
1_29,5_3,9,B12.10xB12.1,F2,
1_30,,,B12.10xB12.1,F2,
1_31,5_4,6,B12.10xB12.1,F2,
1_32,5_5,6,B12.10xB12.1,F2,
1_33,5_6,3,B12.10xB12.1,F2,
1_34,,,B12.10xB12.1,F2,
1_35,,,B12.10xB12.1,F2,
1_36,6_1,3,B12.10xB12.1,F2,
1_37,6_2,3,B12.10xB12.1,F2,
1_38,,,B12.10xB12.1,F2,
1_39,6_3,7,B12.10xB12.1,F2,
1_40,6_4,3,B12.10xB12.1,F2,
1_41,6_5,7,B12.10xB12.1,F2,
1_42,,,B12.10xB12.1,F2,
1_43,6_6,5,B12.10xB12.1,F2,
1_44,,,B12.10xB12.1,F2,
1_45,7_1,4,B12.10xB12.1,F2,
1_46,,,B12.10xB12.1,F2,
1_47,,,B12.10xB12.1,F2,
1_48,7_2,3,B12.10xB12.1,F2,
1_49,7_3,7,B12.10xB12.1,F2,
1_50,,,B12.10xB12.1,F2,
1_51,,,B12.10xB12.1,F2,
1_52,7_4,3,B12.10xB12.1,F2,
1_53,7_5,5,B12.10xB12.1,F2,
1_54,7_6,6,B12.10xB12.1,F2,
1_55,8_1,7,B12.10xB12.1,F2,
1_56,8_2,3,B12.10xB12.1,F2,
1_57,,,B12.10xB12.1,F2,
1_58,8_3,3,B12.10xB12.1,F2,
1_59,,,B12.10xB12.1,F2,
1_60,8_4,7,B12.10xB12.1,F2,
1_61,8_5,3,B12.10xB12.1,F2,
1_62,8_6,7,B12.10xB12.1,F2,
1_63,9_1,3,B12.10xB12.1,F2,
1_64,9_2,3,B12.10xB12.1,F2,
1_65,,,B12.10xB12.1,F2,
1_66,9_3,3,B12.10xB12.1,F2,
1_67,,,B12.10xB12.1,F2,
1_68,9_4,6,B12.10xB12.1,F2,
1_69,9_5,5,B12.10xB12.1,F2,
1_70,9_6,11,B12.10xB12.1,F2,
1_71,,,B12.10xB12.1,F2,
1_72,10_1,5,B12.10xB12.1,F2,
1_73,10_2,3,B12.10xB12.1,F2,
1_74,10_3,3,B12.10xB12.1,F2,
1_75,10_4,3,B12.10xB12.1,F2,
1_76,,,B12.10xB12.1,F2,
1_77,10_5,9,B12.10xB12.1,F2,
1_78,,,B12.10xB12.1,F2,
1_79,10_6,3,B12.10xB12.1,F2,
1_80,11_1,3,B12.10xB12.1,F2,
2_1,,,B12.10xB12.1,F2,
2_2,11_2,6,B12.10xB12.1,F2,
2_3,11_3,3,B12.10xB12.1,F2,
2_4,,,B12.10xB12.1,F2,
2_5,11_4,5,B12.10xB12.1,F2,
2_6,,,B12.10xB12.1,F2,
2_7,11_5,3,B12.10xB12.1,F2,
2_8,11_6,9,B12.10xB12.1,F2,
2_9,12_1,8,B12.10xB12.1,F2,
2_10,12_2,3,B12.10xB12.1,F2,
2_11,,,B12.10xB12.1,F2,
2_12,12_3,11,B12.10xB12.1,F2,
2_13,12_4,3,B12.10xB12.1,F2,
2_14,12_5,3,B12.10xB12.1,F2,
2_15,12_6,5,B12.10xB12.1,F2,
2_16,13_1,11,B12.10xB12.1,F2,
2_17,13_2,3,B12.10xB12.1,F2,
2_18,13_3,3,B12.10xB12.1,F2,
2_19,13_4,3,B12.10xB12.1,F2,
2_20,,,B12.10xB12.1,F2,
2_21,13_5,9,B12.10xB12.1,F2,
2_22,13_6,3,B12.10xB12.1,F2,
2_23,14_1,3,B12.10xB12.1,F2,
2_24,14_2,9,B12.10xB12.1,F2,
2_25,14_3,9,B12.10xB12.1,F2,
2_26,14_4,3,B12.10xB12.1,F2,
2_27,14_5,3,B12.10xB12.1,F2,
2_28,14_6,7,B12.10xB12.1,F2,
2_29,15_1,6,B12.10xB12.1,F2,
2_30,15_2,3,B12.10xB12.1,F2,
2_31,,,B12.10xB12.1,F2,
2_32,,,B12.10xB12.1,F2,
2_33,15_3,3,B12.10xB12.1,F2,
2_34,15_4,3,B12.10xB12.1,F2,
2_35,15_5,7,B12.10xB12.1,F2,
2_36,,,B12.10xB12.1,F2,
2_37,15_6,9,B12.10xB12.1,F2,
2_38,16_1,3,B12.10xB12.1,F2,
2_39,,,B12.10xB12.1,F2,
2_40,,,B12.10xB12.1,F2,
2_41,16_2,3,B12.10xB12.1,F2,
2_42,,,B12.10xB12.1,F2,
2_43,16_3,5,B12.10xB12.1,F2,
2_44,16_4,5,B12.10xB12.1,F2,
2_45,16_5,7,B12.10xB12.1,F2,
2_46,16_6,3,B12.10xB12.1,F2,
2_47,17_1,5,B12.10xB12.1,F2,
2_48,,,B12.10xB12.1,F2,
2_49,,,B12.10xB12.1,F2,
2_50,17_2,7,B12.10xB12.1,F2,
2_51,17_3,3,B12.10xB12.1,F2,
2_52,17_4,7,B12.10xB12.1,F2,
2_53,17_5,5,B12.10xB12.1,F2,
2_54,17_6,3,B12.10xB12.1,F2,
2_55,18_1,3,B12.10xB12.1,F2,
2_56,18_2,11,B12.10xB12.1,F2,
2_57,18_3,4,B12.10xB12.1,F2,
2_58,18_4,3,B12.10xB12.1,F2,
2_59,18_5,4,B12.10xB12.1,F2,
2_60,18_6,11,B12.10xB12.1,F2,
2_61,19_1,3,B12.10xB12.1,F2,
2_62,19_2,11,B12.10xB12.1,F2,
2_63,19_3,6,B12.10xB12.1,F2,
2_64,19_4,3,B12.10xB12.1,F2,
2_65,19_5,3,B12.10xB12.1,F2,
2_66,19_6,3,B12.10xB12.1,F2,
2_67,20_1,4,B12.10xB12.1,F2,
2_68,,,B12.10xB12.1,F2,
2_69,20_2,3,B12.10xB12.1,F2,
2_70,20_3,6,B12.10xB12.1,F2,
2_71,,,B12.10xB12.1,F2,
2_72,20_4,5,B12.10xB12.1,F2,
2_73,20_5,3,B12.10xB12.1,F2,
2_74,20_6,3,B12.10xB12.1,F2,
2_75,21_1,3,B12.10xB12.1,F2,
2_76,21_2,6,B12.10xB12.1,F2,
2_77,21_3,5,B12.10xB12.1,F2,
2_78,21_4,3,B12.10xB12.1,F2,
2_79,,,B12.10xB12.1,F2,
2_80,21_5,8,B12.10xB12.1,F2,
3_1,,,B12.1xB12.10,F2,
3_2,22_1,3,B12.1xB12.10,F2,
3_3,22_2,3,B12.1xB12.10,F2,
3_4,,,B12.1xB12.10,F2,
3_5,,,B12.1xB12.10,F2,
3_6,,,B12.1xB12.10,F2,
3_7,22_3,3,B12.1xB12.10,F2,
3_8,,,B12.1xB12.10,F2,
3_9,,,B12.1xB12.10,F2,
3_10,22_4,4,B12.1xB12.10,F2,
3_11,,,B12.1xB12.10,F2,
3_12,,,B12.1xB12.10,F2,
3_13,,,B12.1xB12.10,F2,
3_14,,,B12.1xB12.10,F2,
3_15,,,B12.1xB12.10,F2,
3_16,22_5,7,B12.1xB12.10,F2,
3_17,,,B12.1xB12.10,F2,
3_18,22_6,5,B12.1xB12.10,F2,
3_19,23_1,5,B12.1xB12.10,F2,
3_20,23_2,5,B12.1xB12.10,F2,
3_21,23_3,3,B12.1xB12.10,F2,
3_22,23_4,3,B12.1xB12.10,F2,
3_23,23_5,3,B12.1xB12.10,F2,
3_24,23_6,3,B12.1xB12.10,F2,
3_25,,,B12.1xB12.10,F2,
3_26,24_1,4,B12.1xB12.10,F2,
3_27,24_2,3,B12.1xB12.10,F2,
3_28,,,B12.1xB12.10,F2,
3_29,,,B12.1xB12.10,F2,
3_30,24_3,5,B12.1xB12.10,F2,
3_31,24_4,11,B12.1xB12.10,F2,
3_32,,,B12.1xB12.10,F2,
3_33,,,B12.1xB12.10,F2,
3_34,24_5,3,B12.1xB12.10,F2,
3_35,24_6,3,B12.1xB12.10,F2,
3_36,,,B12.1xB12.10,F2,
3_37,25_1,11,B12.1xB12.10,F2,
3_38,,,B12.1xB12.10,F2,
3_39,25_2,3,B12.1xB12.10,F2,
3_40,,,B12.1xB12.10,F2,
3_41,,,B12.1xB12.10,F2,
3_42,25_3,6,B12.1xB12.10,F2,
3_43,25_4,3,B12.1xB12.10,F2,
3_44,25_5,11,B12.1xB12.10,F2,
3_45,25_6,9,B12.1xB12.10,F2,
3_46,,,B12.1xB12.10,F2,
3_47,26_1,5,B12.1xB12.10,F2,
3_48,,,B12.1xB12.10,F2,
3_49,,,B12.1xB12.10,F2,
3_50,26_2,6,B12.1xB12.10,F2,
3_51,26_3,9,B12.1xB12.10,F2,
3_52,,,B12.1xB12.10,F2,
3_53,26_4,4,B12.1xB12.10,F2,
3_54,26_5,5,B12.1xB12.10,F2,
3_55,,,B12.1xB12.10,F2,
3_56,26_6,3,B12.1xB12.10,F2,
3_57,27_1,3,B12.1xB12.10,F2,
3_58,27_2,3,B12.1xB12.10,F2,
3_59,,,B12.1xB12.10,F2,
3_60,,,B12.1xB12.10,F2,
3_61,27_3,4,B12.1xB12.10,F2,
3_62,27_4,6,B12.1xB12.10,F2,
3_63,27_5,9,B12.1xB12.10,F2,
3_64,,,B12.1xB12.10,F2,
3_65,27_6,4,B12.1xB12.10,F2,
3_66,28_1,4,B12.1xB12.10,F2,
3_67,,,B12.1xB12.10,F2,
3_68,28_2,4,B12.1xB12.10,F2,
3_69,28_3,5,B12.1xB12.10,F2,
3_70,,,B12.1xB12.10,F2,
3_71,28_4,3,B12.1xB12.10,F2,
3_72,28_5,4,B12.1xB12.10,F2,
3_73,,,B12.1xB12.10,F2,
3_74,28_6,5,B12.1xB12.10,F2,
3_75,29_1,5,B12.1xB12.10,F2,
3_76,,,B12.1xB12.10,F2,
3_77,29_2,3,B12.1xB12.10,F2,
3_78,,,B12.1xB12.10,F2,
3_79,29_3,6,B12.1xB12.10,F2,
3_80,,,B12.1xB12.10,F2,
4_1,,,B12.1xB12.10,F2,
4_2,,,B12.1xB12.10,F2,
4_3,29_4,3,B12.1xB12.10,F2,
4_4,,,B12.1xB12.10,F2,
4_5,29_5,4,B12.1xB12.10,F2,
4_6,,,B12.1xB12.10,F2,
4_7,29_6,3,B12.1xB12.10,F2,
4_8,30_1,3,B12.1xB12.10,F2,
4_9,30_2,7,B12.1xB12.10,F2,
4_10,,,B12.1xB12.10,F2,
4_11,,,B12.1xB12.10,F2,
4_12,,,B12.1xB12.10,F2,
4_13,30_3,5,B12.1xB12.10,F2,
4_14,30_4,6,B12.1xB12.10,F2,
4_15,30_5,3,B12.1xB12.10,F2,
4_16,,,B12.1xB12.10,F2,
4_17,30_6,3,B12.1xB12.10,F2,
4_18,31_1,3,B12.1xB12.10,F2,
4_19,31_2,4,B12.1xB12.10,F2,
4_20,31_3,3,B12.1xB12.10,F2,
4_21,,,B12.1xB12.10,F2,
4_22,31_4,3,B12.1xB12.10,F2,
4_23,,,B12.1xB12.10,F2,
4_24,31_5,4,B12.1xB12.10,F2,
4_25,,,B12.1xB12.10,F2,
4_26,31_6,11,B12.1xB12.10,F2,
4_27,32_1,3,B12.1xB12.10,F2,
4_28,32_2,3,B12.1xB12.10,F2,
4_29,32_3,5,B12.1xB12.10,F2,
4_30,32_4,7,B12.1xB12.10,F2,
4_31,,,B12.1xB12.10,F2,
4_32,32_5,3,B12.1xB12.10,F2,
4_33,32_6,3,B12.1xB12.10,F2,
4_34,33_1,3,B12.1xB12.10,F2,
4_35,33_2,3,B12.1xB12.10,F2,
4_36,,,B12.1xB12.10,F2,
4_37,,,B12.1xB12.10,F2,
4_38,33_3,6,B12.1xB12.10,F2,
4_39,33_4,3,B12.1xB12.10,F2,
4_40,,,B12.1xB12.10,F2,
4_41,33_5,3,B12.1xB12.10,F2,
4_42,33_6,3,B12.1xB12.10,F2,
4_43,,,B12.1xB12.10,F2,
4_44,,,B12.1xB12.10,F2,
4_45,34_1,3,B12.1xB12.10,F2,
4_46,,,B12.1xB12.10,F2,
4_47,,,B12.1xB12.10,F2,
4_48,,,B12.1xB12.10,F2,
4_49,34_2,3,B12.1xB12.10,F2,
4_50,,,B12.1xB12.10,F2,
4_51,,,B12.1xB12.10,F2,
4_52,,,B12.1xB12.10,F2,
4_53,,,B12.1xB12.10,F2,
4_54,34_3,3,B12.1xB12.10,F2,
4_55,,,B12.1xB12.10,F2,
4_56,34_4,4,B12.1xB12.10,F2,
4_57,34_5,3,B12.1xB12.10,F2,
4_58,34_6,3,B12.1xB12.10,F2,
4_59,,,B12.1xB12.10,F2,
4_60,35_1,3,B12.1xB12.10,F2,
4_61,35_2,11,B12.1xB12.10,F2,
4_62,,,B12.1xB12.10,F2,
4_63,,,B12.1xB12.10,F2,
4_64,35_3,7,B12.1xB12.10,F2,
4_65,35_4,3,B12.1xB12.10,F2,
4_66,,,B12.1xB12.10,F2,
4_67,,,B12.1xB12.10,F2,
4_68,35_5,4,B12.1xB12.10,F2,
4_69,,,B12.1xB12.10,F2,
4_70,35_6,3,B12.1xB12.10,F2,
4_71,36_1,11,B12.1xB12.10,F2,
4_72,36_2,3,B12.1xB12.10,F2,
4_73,36_3,4,B12.1xB12.10,F2,
4_74,36_4,3,B12.1xB12.10,F2,
4_75,37_1,4,B12.1xB12.10,F2,
4_76,37_2,11,B12.1xB12.10,F2,
4_77,,,B12.1xB12.10,F2,
4_78,37_3,5,B12.1xB12.10,F2,
4_79,,,B12.1xB12.10,F2,
4_80,37_4,5,B12.1xB12.10,F2,
5_1,72_1,4,B12.1xB12.11,F2,
5_2,,,B12.1xB12.11,F2,
5_3,,,B12.1xB12.11,F2,
5_4,72_2,3,B12.1xB12.11,F2,
5_5,72_3,4,B12.1xB12.11,F2,
5_6,72_4,3,B12.1xB12.11,F2,
5_7,72_5,3,B12.1xB12.11,F2,
5_8,72_6,3,B12.1xB12.11,F2,
5_9,71_1,4,B12.1xB12.11,F2,
5_10,,,B12.1xB12.11,F2,
5_11,,,B12.1xB12.11,F2,
5_12,71_2,10,B12.1xB12.11,F2,
5_13,71_3,3,B12.1xB12.11,F2,
5_14,71_4,4,B12.1xB12.11,F2,
5_15,,,B12.1xB12.11,F2,
5_16,71_5,3,B12.1xB12.11,F2,
5_17,,,B12.1xB12.11,F2,
5_18,71_6,3,B12.1xB12.11,F2,
5_19,70_1,3,B12.1xB12.11,F2,
5_20,70_2,3,B12.1xB12.11,F2,
5_21,70_3,7,B12.1xB12.11,F2,
5_22,70_4,7,B12.1xB12.11,F2,
5_23,70_5,3,B12.1xB12.11,F2,
5_24,70_6,3,B12.1xB12.11,F2,
5_25,69_1,4,B12.1xB12.11,F2,
5_26,69_2,6,B12.1xB12.11,F2,
5_27,,,B12.1xB12.11,F2,
5_28,69_3,3,B12.1xB12.11,F2,
5_29,,,B12.1xB12.11,F2,
5_30,69_4,3,B12.1xB12.11,F2,
5_31,69_5,4,B12.1xB12.11,F2,
5_32,69_6,7,B12.1xB12.11,F2,
5_33,,,B12.1xB12.11,F2,
5_34,,,B12.1xB12.11,F2,
5_35,68_1,3,B12.1xB12.11,F2,
5_36,68_2,5,B12.1xB12.11,F2,
5_37,68_3,3,B12.1xB12.11,F2,
5_38,68_4,3,B12.1xB12.11,F2,
5_39,68_5,3,B12.1xB12.11,F2,
5_40,68_6,3,B12.1xB12.11,F2,
5_41,67_1,4,B12.1xB12.11,F2,
5_42,67_2,3,B12.1xB12.11,F2,
5_43,67_3,3,B12.1xB12.11,F2,
5_44,,,B12.1xB12.11,F2,
5_45,67_4,5,B12.1xB12.11,F2,
5_46,67_5,3,B12.1xB12.11,F2,
5_47,67_6,3,B12.1xB12.11,F2,
5_48,66_1,5,B12.1xB12.11,F2,
5_49,66_2,4,B12.1xB12.11,F2,
5_50,66_3,3,B12.1xB12.11,F2,
5_51,66_4,3,B12.1xB12.11,F2,
5_52,66_5,3,B12.1xB12.11,F2,
5_53,66_6,5,B12.1xB12.11,F2,
5_54,,,B12.1xB12.11,F2,
5_55,65_1,3,B12.1xB12.11,F2,
5_56,,,B12.1xB12.11,F2,
5_57,,,B12.1xB12.11,F2,
5_58,65_2,3,B12.1xB12.11,F2,
5_59,65_3,3,B12.1xB12.11,F2,
5_60,65_4,8,B12.1xB12.11,F2,
5_61,65_5,3,B12.1xB12.11,F2,
5_62,65_6,3,B12.1xB12.11,F2,
5_63,64_1,3,B12.1xB12.11,F2,
5_64,64_2,3,B12.1xB12.11,F2,
5_65,64_3,3,B12.1xB12.11,F2,
5_66,64_4,4,B12.1xB12.11,F2,
5_67,64_5,3,B12.1xB12.11,F2,
5_68,64_6,4,B12.1xB12.11,F2,
5_69,63_1,4,B12.1xB12.11,F2,
5_70,63_2,3,B12.1xB12.11,F2,
5_71,,,B12.1xB12.11,F2,
5_72,,,B12.1xB12.11,F2,
5_73,,,B12.1xB12.11,F2,
5_74,63_3,5,B12.1xB12.11,F2,
5_75,63_4,3,B12.1xB12.11,F2,
5_76,62_1,3,B12.1xB12.11,F2,
5_77,62_2,5,B12.1xB12.11,F2,
5_78,62_3,3,B12.1xB12.11,F2,
5_79,62_4,3,B12.1xB12.11,F2,
5_80,,,B12.1xB12.11,F2,
6_1,61_1,5,B12.11xB12.1,F2,
6_2,61_2,3,B12.11xB12.1,F2,
6_3,,,B12.11xB12.1,F2,
6_4,61_3,5,B12.11xB12.1,F2,
6_5,61_4,4,B12.11xB12.1,F2,
6_6,61_5,4,B12.11xB12.1,F2,
6_7,,,B12.11xB12.1,F2,
6_8,,,B12.11xB12.1,F2,
6_9,61_6,8,B12.11xB12.1,F2,
6_10,60_1,4,B12.11xB12.1,F2,
6_11,60_2,3,B12.11xB12.1,F2,
6_12,60_3,6,B12.11xB12.1,F2,
6_13,,,B12.11xB12.1,F2,
6_14,,,B12.11xB12.1,F2,
6_15,60_4,8,B12.11xB12.1,F2,
6_16,60_5,6,B12.11xB12.1,F2,
6_17,59_1,3,B12.11xB12.1,F2,
6_18,59_2,3,B12.11xB12.1,F2,
6_19,59_3,3,B12.11xB12.1,F2,
6_20,59_4,4,B12.11xB12.1,F2,
6_21,58_1,3,B12.1xB12.11,F2,
6_22,58_2,4,B12.1xB12.11,F2,
6_23,58_3,3,B12.1xB12.11,F2,
6_24,,,B12.1xB12.11,F2,
6_25,58_4,3,B12.1xB12.11,F2,
6_26,58_5,4,B12.1xB12.11,F2,
6_27,58_6,3,B12.1xB12.11,F2,
6_28,57_1,6,B12.1xB12.11,F2,
6_29,57_2,4,B12.1xB12.11,F2,
6_30,57_3,3,B12.1xB12.11,F2,
6_31,,,B12.1xB12.11,F2,
6_32,57_4,4,B12.1xB12.11,F2,
6_33,,,B12.1xB12.11,F2,
6_34,57_5,3,B12.1xB12.11,F2,
6_35,57_6,4,B12.1xB12.11,F2,
6_36,56_1,4,B12.1xB12.11,F2,
6_37,56_2,3,B12.1xB12.11,F2,tricot
6_38,,,B12.1xB12.11,F2,
6_39,,,B12.1xB12.11,F2,
6_40,56_3,5,B12.1xB12.11,F2,
6_41,56_4,3,B12.1xB12.11,F2,
6_42,56_5,3,B12.1xB12.11,F2,
6_43,,,B12.1xB12.11,F2,
6_44,56_6,3,B12.1xB12.11,F2,
6_45,55_1,3,B12.1xB12.11,F2,
6_46,55_2,3,B12.1xB12.11,F2,
6_47,55_3,3,B12.1xB12.11,F2,
6_48,,,B12.1xB12.11,F2,
6_49,55_4,4,B12.1xB12.11,F2,
6_50,55_5,6,B12.1xB12.11,F2,
6_51,55_6,3,B12.1xB12.11,F2,
6_52,54_1,5,B12.1xB12.11,F2,
6_53,54_2,3,B12.1xB12.11,F2,
6_54,54_3,3,B12.1xB12.11,F2,
6_55,54_4,5,B12.1xB12.11,F2,
6_56,54_5,3,B12.1xB12.11,F2,
6_57,54_6,4,B12.1xB12.11,F2,
6_58,53_1,3,B12.1xB12.11,F2,
6_59,53_2,3,B12.1xB12.11,F2,
6_60,53_3,4,B12.1xB12.11,F2,
6_61,53_4,3,B12.1xB12.11,F2,
6_62,53_5,3,B12.1xB12.11,F2,
6_63,53_6,3,B12.1xB12.11,F2,
6_64,52_1,4,B12.1xB12.11,F2,
6_65,52_2,3,B12.1xB12.11,F2,
6_66,52_3,5,B12.1xB12.11,F2,
6_67,52_4,5,B12.1xB12.11,F2,
6_68,52_5,3,B12.1xB12.11,F2,
6_69,52_6,3,B12.1xB12.11,F2,
6_70,51_1,3,B12.1xB12.11,F2,
6_71,51_2,3,B12.1xB12.11,F2,
6_72,51_3,3,B12.1xB12.11,F2,
6_73,51_4,3,B12.1xB12.11,F2,
6_74,51_5,4,B12.1xB12.11,F2,
6_75,50_1,3,B12.1xB12.11,F2,
6_76,50_2,4,B12.1xB12.11,F2,
6_77,,,B12.1xB12.11,F2,
6_78,50_3,3,B12.1xB12.11,F2,
6_79,50_4,4,B12.1xB12.11,F2,
6_80,50_5,9,B12.1xB12.11,F2,
7_1,38_1,3,B12.11xB12.1,F2,
7_2,38_2,3,B12.11xB12.1,F2,
7_3,38_3,3,B12.11xB12.1,F2,
7_4,38_4,3,B12.11xB12.1,F2,
7_5,38_5,3,B12.11xB12.1,F2,
7_6,,,B12.11xB12.1,F2,
7_7,,,B12.11xB12.1,F2,
7_8,,,B12.11xB12.1,F2,
7_9,38_6,3,B12.11xB12.1,F2,
7_10,,,B12.11xB12.1,F2,
7_11,39_1,5,B12.11xB12.1,F2,
7_12,39_2,6,B12.11xB12.1,F2,
7_13,39_3,5,B12.11xB12.1,F2,
7_14,39_4,11,B12.11xB12.1,F2,
7_15,,,B12.11xB12.1,F2,
7_16,39_5,3,B12.11xB12.1,F2,
7_17,39_6,4,B12.11xB12.1,F2,
7_18,40_1,3,B12.11xB12.1,F2,
7_19,40_2,3,B12.11xB12.1,F2,
7_20,40_3,7,B12.11xB12.1,F2,
7_21,40_4,7,B12.11xB12.1,F2,
7_22,40_5,5,B12.11xB12.1,F2,
7_23,40_6,3,B12.11xB12.1,F2,
7_24,,,B12.11xB12.1,F2,
7_25,,,B12.11xB12.1,F2,
7_26,41_1,4,B12.11xB12.1,F2,
7_27,41_2,5,B12.11xB12.1,F2,
7_28,,,B12.11xB12.1,F2,
7_29,,,B12.11xB12.1,F2,
7_30,41_3,4,B12.11xB12.1,F2,
7_31,41_4,4,B12.11xB12.1,F2,
7_32,41_5,3,B12.11xB12.1,F2,
7_33,41_6,4,B12.11xB12.1,F2,
7_34,42_1,3,B12.11xB12.1,F2,
7_35,42_2,8,B12.11xB12.1,F2,
7_36,42_3,4,B12.11xB12.1,F2,
7_37,42_4,3,B12.11xB12.1,F2,
7_38,42_5,3,B12.11xB12.1,F2,
7_39,42_6,3,B12.11xB12.1,F2,
7_40,43_1,3,B12.11xB12.1,F2,
7_41,,,B12.11xB12.1,F2,
7_42,,,B12.11xB12.1,F2,
7_43,43_2,3,B12.11xB12.1,F2,
7_44,,,B12.11xB12.1,F2,
7_45,,,B12.11xB12.1,F2,
7_46,43_3,3,B12.11xB12.1,F2,
7_47,43_4,3,B12.11xB12.1,F2,
7_48,43_5,3,B12.11xB12.1,F2,
7_49,43_6,5,B12.11xB12.1,F2,
7_50,44_1,5,B12.11xB12.1,F2,
7_51,44_2,4,B12.11xB12.1,F2,
7_52,44_3,3,B12.11xB12.1,F2,
7_53,44_4,5,B12.11xB12.1,F2,
7_54,44_5,3,B12.11xB12.1,F2,
7_55,,,B12.11xB12.1,F2,
7_56,44_6,9,B12.11xB12.1,F2,
7_57,45_1,3,B12.11xB12.1,F2,
7_58,45_2,3,B12.11xB12.1,F2,
7_59,45_3,3,B12.11xB12.1,F2,
7_60,45_4,3,B12.11xB12.1,F2,
7_61,45_5,11,B12.11xB12.1,F2,
7_62,45_6,7,B12.11xB12.1,F2,
7_63,46_1,3,B12.11xB12.1,F2,
7_64,46_2,3,B12.11xB12.1,F2,
7_65,46_3,4,B12.11xB12.1,F2,
7_66,46_4,4,B12.11xB12.1,F2,
7_67,46_5,7,B12.11xB12.1,F2,
7_68,46_6,5,B12.11xB12.1,F2,
7_69,,,B12.11xB12.1,F2,
7_70,47_1,3,B12.11xB12.1,F2,
7_71,47_2,3,B12.11xB12.1,F2,
7_72,47_3,7,B12.11xB12.1,F2,
7_73,47_4,3,B12.11xB12.1,F2,
7_74,,,B12.11xB12.1,F2,
7_75,,,B12.11xB12.1,F2,
7_76,47_5,8,B12.11xB12.1,F2,
7_77,,,B12.11xB12.1,F2,
7_78,47_6,7,B12.11xB12.1,F2,
7_79,48_1,5,B12.11xB12.1,F2,
7_80,48_2,3,B12.11xB12.1,F2,
8_1,48_3,4,B12.11xB12.1,F2,
8_2,48_4,11,B12.11xB12.1,F2,
8_3,48_5,3,B12.11xB12.1,F2,
8_4,48_6,5,B12.11xB12.1,F2,
8_5,49_1,3,B12.11xB12.1,F2,
8_6,49_2,3,B12.11xB12.1,F2,
8_7,49_3,5,B12.11xB12.1,F2,
8_8,49_4,3,B12.11xB12.1,F2,
8_9,49_5,3,B12.11xB12.1,F2,
8_10,49_6,3,B12.11xB12.1,F2,
8_11,,,B12.11xB12.1,F2,
8_12,141_1,5,B12.11xB12.1,F2,
8_13,141_2,3,B12.11xB12.1,F2,
8_14,,,B12.11xB12.1,F2,
8_15,141_3,5,B12.11xB12.1,F2,
8_16,141_4,6,B12.11xB12.1,F2,
8_17,,,B12.11xB12.1,F2,
8_18,141_5,3,B12.11xB12.1,F2,
8_19,141_6,3,B12.11xB12.1,F2,
8_20,142_1,3,B12.11xB12.1,F2,
8_21,,,B12.11xB12.1,F2,
8_22,142_2,3,B12.11xB12.1,F2,
8_23,,,B12.11xB12.1,F2,
8_24,142_3,7,B12.11xB12.1,F2,
8_25,142_4,4,B12.11xB12.1,F2,
8_26,142_5,4,B12.11xB12.1,F2,
8_27,,,B12.11xB12.1,F2,
8_28,142_6,3,B12.11xB12.1,F2,
8_29,143_1,4,B12.11xB12.1,F2,
8_30,,,B12.11xB12.1,F2,
8_31,,,B12.11xB12.1,F2,
8_32,,,B12.11xB12.1,F2,
8_33,143_2,4,B12.11xB12.1,F2,
8_34,143_3,3,B12.11xB12.1,F2,
8_35,143_4,8,B12.11xB12.1,F2,
8_36,143_5,3,B12.11xB12.1,F2,
8_37,143_6,3,B12.11xB12.1,F2,
8_38,144_1,9,B12.11xB12.1,F2,
8_39,144_2,4,B12.11xB12.1,F2,
8_40,,,B12.11xB12.1,F2,
8_41,144_3,7,B12.11xB12.1,F2,
8_42,144_4,7,B12.11xB12.1,F2,
8_43,144_5,3,B12.11xB12.1,F2,
8_44,144_6,11,B12.11xB12.1,F2,
8_45,,,B12.11xB12.1,F2,
8_46,145_1,7,B12.11xB12.1,F2,
8_47,145_2,4,B12.11xB12.1,F2,
8_48,,,B12.11xB12.1,F2,
8_49,145_3,3,B12.11xB12.1,F2,
8_50,,,B12.11xB12.1,F2,
8_51,145_4,3,B12.11xB12.1,F2,
8_52,145_5,3,B12.11xB12.1,F2,
8_53,145_6,3,B12.11xB12.1,F2,
8_54,,,B12.11xB12.1,F2,
8_55,146_1,3,B12.11xB12.1,F2,
8_56,146_2,3,B12.11xB12.1,F2,
8_57,146_3,3,B12.11xB12.1,F2,
8_58,146_4,4,B12.11xB12.1,F2,
8_59,146_5,3,B12.11xB12.1,F2,
8_60,,,B12.11xB12.1,F2,
8_61,146_6,3,B12.11xB12.1,F2,
8_62,,,B12.11xB12.1,F2,
8_63,147_1,3,B12.11xB12.1,F2,
8_64,147_2,6,B12.11xB12.1,F2,
8_65,147_3,3,B12.11xB12.1,F2,
8_66,147_4,4,B12.11xB12.1,F2,
8_67,147_5,11,B12.11xB12.1,F2,
8_68,,,B12.11xB12.1,F2,
8_69,147_6,3,B12.11xB12.1,F2,
8_70,148_1,3,B12.11xB12.1,F2,
8_71,148_2,3,B12.11xB12.1,F2,
8_72,,,B12.11xB12.1,F2,
8_73,,,B12.11xB12.1,F2,
8_74,,,B12.11xB12.1,F2,
8_75,148_3,3,B12.11xB12.1,F2,
8_76,,,B12.11xB12.1,F2,
8_77,148_4,6,B12.11xB12.1,F2,
8_78,149_1,5,B12.11xB12.1,F2,
8_79,149_2,10,B12.11xB12.1,F2,
8_80,149_3,10,B12.11xB12.1,F2,
9_1,94_1,7,B12.5xB12.10,F2,"I double seeded half this tray, ended up moving seeds that were visibly doubled up to the other side"
9_2,,,B12.5xB12.10,F2,
9_3,94_2,3,B12.5xB12.10,F2,
9_4,94_3,7,B12.5xB12.10,F2,
9_5,94_4,5,B12.5xB12.10,F2,
9_6,94_5,4,B12.5xB12.10,F2,
9_7,,,B12.5xB12.10,F2,
9_8,94_6,3,B12.5xB12.10,F2,
9_9,93_1,5,B12.5xB12.10,F2,
9_10,93_2,3,B12.5xB12.10,F2,
9_11,93_3,6,B12.5xB12.10,F2,
9_12,,,B12.5xB12.10,F2,
9_13,,,B12.5xB12.10,F2,
9_14,,,B12.5xB12.10,F2,
9_15,,,B12.5xB12.10,F2,
9_16,93_4,11,B12.5xB12.10,F2,
9_17,93_5,4,B12.5xB12.10,F2,
9_18,,,B12.5xB12.10,F2,
9_19,,,B12.5xB12.10,F2,
9_20,93_6,3,B12.5xB12.10,F2,
9_21,92_1,4,B12.5xB12.10,F2,
9_22,92_2,4,B12.5xB12.10,F2,
9_23,92_3,3,B12.5xB12.10,F2,
9_24,,,B12.5xB12.10,F2,
9_25,92_4,3,B12.5xB12.10,F2,
9_26,92_5,11,B12.5xB12.10,F2,
9_27,92_6,3,B12.5xB12.10,F2,
9_28,91_1,3,B12.5xB12.10,F2,
9_29,91_2,3,B12.5xB12.10,F2,
9_30,91_3,3,B12.5xB12.10,F2,
9_31,91_4,4,B12.5xB12.10,F2,
9_32,91_5,4,B12.5xB12.10,F2,
9_33,,,B12.5xB12.10,F2,
9_34,91_6,3,B12.5xB12.10,F2,
9_35,90_1,3,B12.5xB12.10,F2,
9_36,90_2,3,B12.5xB12.10,F2,
9_37,,,B12.5xB12.10,F2,
9_38,90_3,6,B12.5xB12.10,F2,
9_39,,,B12.5xB12.10,F2,
9_40,90_4,4,B12.5xB12.10,F2,
9_41,,,B12.5xB12.10,F2,
9_42,90_5,4,B12.5xB12.10,F2,
9_43,90_6,3,B12.5xB12.10,F2,
9_44,89_1,3,B12.5xB12.10,F2,
9_45,89_2,4,B12.5xB12.10,F2,
9_46,,,B12.5xB12.10,F2,
9_47,89_3,3,B12.5xB12.10,F2,
9_48,89_4,3,B12.5xB12.10,F2,
9_49,,,B12.5xB12.10,F2,
9_50,,,B12.5xB12.10,F2,
9_51,,,B12.5xB12.10,F2,
9_52,89_5,3,B12.5xB12.10,F2,
9_53,89_6,3,B12.5xB12.10,F2,
9_54,88_1,3,B12.5xB12.10,F2,
9_55,88_2,11,B12.5xB12.10,F2,
9_56,88_3,6,B12.5xB12.10,F2,
9_57,,,B12.5xB12.10,F2,
9_58,,,B12.5xB12.10,F2,
9_59,88_4,3,B12.5xB12.10,F2,
9_60,88_5,3,B12.5xB12.10,F2,
9_61,88_6,5,B12.5xB12.10,F2,
9_62,,,B12.5xB12.10,F2,
9_63,87_1,3,B12.5xB12.10,F2,
9_64,,4,B12.5xB12.10,F2,destroyed by rain/leak
9_65,87_2,5,B12.5xB12.10,F2,
9_66,87_3,4,B12.5xB12.10,F2,
9_67,87_4,3,B12.5xB12.10,F2,
9_68,,3,B12.5xB12.10,F2,destroyed by rain/leak
9_69,87_5,11,B12.5xB12.10,F2,
9_70,87_6,3,B12.5xB12.10,F2,
9_71,86_1,3,B12.5xB12.10,F2,
9_72,86_2,3,B12.5xB12.10,F2,
9_73,,,B12.5xB12.10,F2,
9_74,86_3,7,B12.5xB12.10,F2,
9_75,86_4,3,B12.5xB12.10,F2,
9_76,86_5,3,B12.5xB12.10,F2,
9_77,,,B12.5xB12.10,F2,
9_78,,,B12.5xB12.10,F2,
9_79,,,B12.5xB12.10,F2,
9_80,86_6,3,B12.5xB12.10,F2,
10_1,85_1,3,B12.5xB12.10,F2,
10_2,85_2,3,B12.5xB12.10,F2,
10_3,85_3,3,B12.5xB12.10,F2,
10_4,,,B12.5xB12.10,F2,
10_5,85_4,3,B12.5xB12.10,F2,
10_6,,,B12.5xB12.10,F2,
10_7,85_5,3,B12.5xB12.10,F2,
10_8,85_6,3,B12.5xB12.10,F2,
10_9,84_1,3,B12.5xB12.10,F2,
10_10,84_2,3,B12.5xB12.10,F2,
10_11,,,B12.5xB12.10,F2,
10_12,84_3,3,B12.5xB12.10,F2,
10_13,,,B12.5xB12.10,F2,destroyed by rain/leak
10_14,,,B12.5xB12.10,F2,
10_15,84_4,3,B12.5xB12.10,F2,
10_16,,4,B12.5xB12.10,F2,destroyed by rain/leak
10_17,,3,B12.5xB12.10,F2,destroyed by rain/leak
10_18,,3,B12.5xB12.10,F2,destroyed by rain/leak
10_19,82_1,3,B12.5xB12.10,F2,skipped 83 accidentally
10_20,82_2,3,B12.5xB12.10,F2,
10_21,82_3,4,B12.5xB12.10,F2,
10_22,,,B12.5xB12.10,F2,
10_23,82_4,3,B12.5xB12.10,F2,
10_24,81_1,3,B12.5xB12.10,F2,
10_25,81_2,3,B12.5xB12.10,F2,
10_26,,,B12.5xB12.10,F2,
10_27,81_3,3,B12.5xB12.10,F2,
10_28,81_4,4,B12.5xB12.10,F2,
10_29,81_5,3,B12.5xB12.10,F2,
10_30,,,B12.5xB12.10,F2,
10_31,80_1,3,B12.5xB12.10,F2,
10_32,,,B12.5xB12.10,F2,
10_33,80_2,3,B12.5xB12.10,F2,
10_34,80_3,3,B12.5xB12.10,F2,
10_35,80_4,3,B12.5xB12.10,F2,
10_36,80_5,4,B12.5xB12.10,F2,
10_37,80_6,3,B12.5xB12.10,F2,
10_38,79_1,3,B12.5xB12.10,F2,
10_39,79_2,5,B12.5xB12.10,F2,
10_40,79_3,3,B12.5xB12.10,F2,
10_41,79_4,3,B12.5xB12.10,F2,
10_42,79_5,3,B12.5xB12.10,F2,
10_43,79_6,3,B12.5xB12.10,F2,
10_44,78_1,4,B12.5xB12.10,F2,
10_45,78_2,5,B12.5xB12.10,F2,
10_46,78_3,3,B12.5xB12.10,F2,
10_47,78_4,3,B12.5xB12.10,F2,
10_48,78_5,3,B12.5xB12.10,F2,
10_49,78_6,11,B12.5xB12.10,F2,
10_50,77_1,3,B12.5xB12.10,F2,
10_51,77_2,10,B12.5xB12.10,F2,
10_52,77_3,3,B12.5xB12.10,F2,
10_53,77_4,3,B12.5xB12.10,F2,
10_54,77_5,3,B12.5xB12.10,F2,
10_55,77_6,4,B12.5xB12.10,F2,
10_56,76_1,7,B12.5xB12.10,F2,
10_57,76_2,3,B12.5xB12.10,F2,
10_58,76_3,3,B12.5xB12.10,F2,
10_59,76_4,3,B12.5xB12.10,F2,
10_60,76_5,3,B12.5xB12.10,F2,
10_61,76_6,3,B12.5xB12.10,F2,
10_62,75_1,3,B12.5xB12.10,F2,
10_63,75_2,3,B12.5xB12.10,F2,
10_64,75_3,11,B12.5xB12.10,F2,
10_65,75_4,3,B12.5xB12.10,F2,
10_66,75_5,3,B12.5xB12.10,F2,
10_67,75_6,3,B12.5xB12.10,F2,
10_68,74_1,4,B12.5xB12.10,F2,
10_69,74_2,3,B12.5xB12.10,F2,
10_70,74_3,3,B12.5xB12.10,F2,
10_71,74_4,3,B12.5xB12.10,F2,
10_72,74_5,3,B12.5xB12.10,F2,
10_73,74_6,9,B12.5xB12.10,F2,
10_74,,,B12.5xB12.10,F2,
10_75,73_1,3,B12.5xB12.10,F2,
10_76,,,B12.5xB12.10,F2,
10_77,73_2,3,B12.5xB12.10,F2,
10_78,73_3,3,B12.5xB12.10,F2,
10_79,73_4,3,B12.5xB12.10,F2,
10_80,73_5,9,B12.5xB12.10,F2,
11_1,,,B12.10xB12.5,F2,
11_2,,,B12.10xB12.5,F2,
11_3,,,B12.10xB12.5,F2,
11_4,,,B12.10xB12.5,F2,
11_5,117_1,5,B12.10xB12.5,F2,
11_6,,,B12.10xB12.5,F2,
11_7,117_2,4,B12.10xB12.5,F2,
11_8,117_3,3,B12.10xB12.5,F2,
11_9,117_4,5,B12.10xB12.5,F2,
11_10,,,B12.10xB12.5,F2,
11_11,117_5,3,B12.10xB12.5,F2,
11_12,117_6,4,B12.10xB12.5,F2,
11_13,116_1,3,B12.10xB12.5,F2,
11_14,116_2,5,B12.10xB12.5,F2,
11_15,116_3,11,B12.10xB12.5,F2,
11_16,116_4,3,B12.10xB12.5,F2,
11_17,116_5,3,B12.10xB12.5,F2,
11_18,116_6,3,B12.10xB12.5,F2,
11_19,115_1,11,B12.10xB12.5,F2,
11_20,115_2,3,B12.10xB12.5,F2,
11_21,115_3,3,B12.10xB12.5,F2,
11_22,115_4,3,B12.10xB12.5,F2,
11_23,115_5,4,B12.10xB12.5,F2,
11_24,115_6,3,B12.10xB12.5,F2,
11_25,114_1,4,B12.10xB12.5,F2,
11_26,114_2,11,B12.10xB12.5,F2,
11_27,114_3,4,B12.10xB12.5,F2,
11_28,114_4,3,B12.10xB12.5,F2,
11_29,,,B12.10xB12.5,F2,
11_30,114_5,4,B12.10xB12.5,F2,
11_31,114_6,9,B12.10xB12.5,F2,
11_32,113_1,3,B12.10xB12.5,F2,
11_33,113_2,3,B12.10xB12.5,F2,
11_34,113_3,3,B12.10xB12.5,F2,
11_35,113_4,3,B12.10xB12.5,F2,
11_36,113_5,3,B12.10xB12.5,F2,
11_37,113_6,3,B12.10xB12.5,F2,
11_38,112_1,3,B12.10xB12.5,F2,
11_39,,,B12.10xB12.5,F2,
11_40,,,B12.10xB12.5,F2,
11_41,112_2,3,B12.10xB12.5,F2,
11_42,112_3,3,B12.10xB12.5,F2,
11_43,112_4,11,B12.10xB12.5,F2,
11_44,112_5,7,B12.10xB12.5,F2,
11_45,112_6,3,B12.10xB12.5,F2,
11_46,111_1,3,B12.10xB12.5,F2,
11_47,111_2,5,B12.10xB12.5,F2,
11_48,111_3,3,B12.10xB12.5,F2,
11_49,111_4,11,B12.10xB12.5,F2,
11_50,111_5,3,B12.10xB12.5,F2,
11_51,111_6,3,B12.10xB12.5,F2,
11_52,110_1,9,B12.10xB12.5,F2,
11_53,110_2,3,B12.10xB12.5,F2,
11_54,110_3,3,B12.10xB12.5,F2,
11_55,110_4,3,B12.10xB12.5,F2,
11_56,110_5,3,B12.10xB12.5,F2,
11_57,110_6,3,B12.10xB12.5,F2,
11_58,109_1,5,B12.10xB12.5,F2,
11_59,109_2,11,B12.10xB12.5,F2,
11_60,,,B12.10xB12.5,F2,
11_61,109_3,4,B12.10xB12.5,F2,
11_62,109_4,3,B12.10xB12.5,F2,
11_63,109_5,3,B12.10xB12.5,F2,
11_64,109_6,3,B12.10xB12.5,F2,
11_65,108_1,3,B12.10xB12.5,F2,
11_66,,,B12.10xB12.5,F2,
11_67,108_2,3,B12.10xB12.5,F2,
11_68,108_3,3,B12.10xB12.5,F2,
11_69,,,B12.10xB12.5,F2,
11_70,108_4,9,B12.10xB12.5,F2,
11_71,108_5,3,B12.10xB12.5,F2,
11_72,108_6,3,B12.10xB12.5,F2,
11_73,107_2,3,B12.10xB12.5,F2,Skipped 1 to avoid redoing everything below because
11_74,107_3,7,B12.10xB12.5,F2,
11_75,,,B12.10xB12.5,F2,
11_76,107_4,3,B12.10xB12.5,F2,
11_77,107_5,4,B12.10xB12.5,F2,
11_78,107_6,11,B12.10xB12.5,F2,
11_79,106_1,3,B12.10xB12.5,F2,
11_80,106_2,3,B12.10xB12.5,F2,
12_1,,,B12.10xB12.5,F2,
12_2,106_3,3,B12.10xB12.5,F2,
12_3,,,B12.10xB12.5,F2,
12_4,106_4,3,B12.10xB12.5,F2,
12_5,,,B12.10xB12.5,F2,
12_6,106_5,5,B12.10xB12.5,F2,
12_7,106_6,9,B12.10xB12.5,F2,
12_8,105_1,5,B12.10xB12.5,F2,
12_9,105_2,9,B12.10xB12.5,F2,
12_10,105_3,3,B12.10xB12.5,F2,
12_11,105_4,4,B12.10xB12.5,F2,
12_12,,,B12.10xB12.5,F2,
12_13,105_5,8,B12.10xB12.5,F2,
12_14,,,B12.10xB12.5,F2,
12_15,105_6,3,B12.10xB12.5,F2,
12_16,,,B12.10xB12.5,F2,
12_17,104_1,3,B12.10xB12.5,F2,
12_18,104_2,3,B12.10xB12.5,F2,
12_19,104_3,3,B12.10xB12.5,F2,
12_20,104_4,3,B12.10xB12.5,F2,
12_21,104_5,5,B12.10xB12.5,F2,
12_22,104_6,3,B12.10xB12.5,F2,
12_23,103_1,5,B12.10xB12.5,F2,
12_24,103_2,3,B12.10xB12.5,F2,
12_25,103_3,4,B12.10xB12.5,F2,
12_26,103_4,8,B12.10xB12.5,F2,
12_27,103_5,5,B12.10xB12.5,F2,
12_28,103_6,3,B12.10xB12.5,F2,
12_29,102_1,6,B12.10xB12.5,F2,
12_30,102_2,6,B12.10xB12.5,F2,
12_31,102_3,4,B12.10xB12.5,F2,
12_32,102_4,3,B12.10xB12.5,F2,
12_33,102_5,3,B12.10xB12.5,F2,
12_34,102_6,9,B12.10xB12.5,F2,
12_35,101_1,4,B12.10xB12.5,F2,
12_36,101_2,3,B12.10xB12.5,F2,
12_37,101_3,3,B12.10xB12.5,F2,
12_38,101_4,6,B12.10xB12.5,F2,
12_39,,,B12.10xB12.5,F2,
12_40,101_5,3,B12.10xB12.5,F2,
12_41,101_6,5,B12.10xB12.5,F2,
12_42,100_1,6,B12.10xB12.5,F2,
12_43,100_2,5,B12.10xB12.5,F2,
12_44,100_3,4,B12.10xB12.5,F2,
12_45,100_4,3,B12.10xB12.5,F2,
12_46,100_5,3,B12.10xB12.5,F2,
12_47,100_6,4,B12.10xB12.5,F2,
12_48,99_1,3,B12.10xB12.5,F2,
12_49,99_2,3,B12.10xB12.5,F2,
12_50,99_3,6,B12.10xB12.5,F2,
12_51,99_4,5,B12.10xB12.5,F2,
12_52,,,B12.10xB12.5,F2,
12_53,99_5,3,B12.10xB12.5,F2,
12_54,99_6,3,B12.10xB12.5,F2,
12_55,98_1,3,B12.10xB12.5,F2,
12_56,98_2,6,B12.10xB12.5,F2,
12_57,98_3,5,B12.10xB12.5,F2,
12_58,98_4,3,B12.10xB12.5,F2,
12_59,98_5,3,B12.10xB12.5,F2,
12_60,98_6,10,B12.10xB12.5,F2,
12_61,97_1,3,B12.10xB12.5,F2,
12_62,97_2,3,B12.10xB12.5,F2,
12_63,97_3,11,B12.10xB12.5,F2,
12_64,97_4,3,B12.10xB12.5,F2,
12_65,97_5,3,B12.10xB12.5,F2,
12_66,97_6,11,B12.10xB12.5,F2,
12_67,,,B12.10xB12.5,F2,
12_68,,,B12.10xB12.5,F2,
12_69,96_1,3,B12.10xB12.5,F2,
12_70,96_2,3,B12.10xB12.5,F2,
12_71,96_3,3,B12.10xB12.5,F2,
12_72,96_4,3,B12.10xB12.5,F2,
12_73,96_5,3,B12.10xB12.5,F2,
12_74,95_1,3,B12.10xB12.5,F2,
12_75,95_2,10,B12.10xB12.5,F2,
12_76,95_3,6,B12.10xB12.5,F2,
12_77,95_4,3,B12.10xB12.5,F2,
12_78,,,B12.10xB12.5,F2,
12_79,,,B12.10xB12.5,F2,
12_80,95_5,3,B12.10xB12.5,F2,
13_1,128_1,3,CAL.2.5.4xCAL.2.6.5,CAL,
13_2,128_2,3,CAL.2.5.4xCAL.2.6.5,CAL,
13_3,128_3,3,CAL.2.5.4xCAL.2.6.5,CAL,
13_4,128_4,3,CAL.2.5.4xCAL.2.6.5,CAL,
13_5,128_5,3,CAL.2.5.4xCAL.2.6.5,CAL,
13_6,128_6,3,CAL.2.5.4xCAL.2.6.5,CAL,
13_7,127_1,5,CAL.2.5.4xCAL.2.6.5,CAL,
13_8,127_2,5,CAL.2.5.4xCAL.2.6.5,CAL,
13_9,127_3,10,CAL.2.5.4xCAL.2.6.5,CAL,
13_10,127_4,3,CAL.2.5.4xCAL.2.6.5,CAL,
13_11,127_5,5,CAL.2.5.4xCAL.2.6.5,CAL,
13_12,127_6,3,CAL.2.5.4xCAL.2.6.5,CAL,
13_13,,,CAL.2.5.4xCAL.2.6.5,CAL,
13_14,126_1,5,CAL.2.5.4xCAL.2.6.5,CAL,
13_15,126_2,9,CAL.2.5.4xCAL.2.6.5,CAL,
13_16,126_3,5,CAL.2.5.4xCAL.2.6.5,CAL,
13_17,126_4,5,CAL.2.5.4xCAL.2.6.5,CAL,
13_18,126_5,3,CAL.2.5.4xCAL.2.6.5,CAL,
13_19,126_6,6,CAL.2.5.4xCAL.2.6.5,CAL,
13_20,125_1,3,CAL.2.5.4xCAL.2.6.5,CAL,
13_21,125_2,3,CAL.2.5.4xCAL.2.6.5,CAL,
13_22,125_3,3,CAL.2.5.4xCAL.2.6.5,CAL,
13_23,125_4,3,CAL.2.5.4xCAL.2.6.5,CAL,tricot
13_24,125_5,5,CAL.2.5.4xCAL.2.6.5,CAL,
13_25,125_6,3,CAL.2.5.4xCAL.2.6.5,CAL,
13_26,124_1,7,CAL.2.5.4xCAL.2.6.5,CAL,
13_27,124_2,3,CAL.2.5.4xCAL.2.6.5,CAL,
13_28,,,CAL.2.5.4xCAL.2.6.5,CAL,
13_29,,,CAL.2.5.4xCAL.2.6.5,CAL,
13_30,,,CAL.2.5.4xCAL.2.6.5,CAL,
13_31,124_3,3,CAL.2.5.4xCAL.2.6.5,CAL,
13_32,,,CAL.2.5.4xCAL.2.6.5,CAL,
13_33,124_4,3,CAL.2.5.4xCAL.2.6.5,CAL,
13_34,124_5,3,CAL.2.5.4xCAL.2.6.5,CAL,
13_35,123_1,7,CAL.2.5.4xCAL.2.6.5,CAL,
13_36,123_2,3,CAL.2.5.4xCAL.2.6.5,CAL,
13_37,123_3,3,CAL.2.5.4xCAL.2.6.5,CAL,
13_38,,,CAL.2.5.4xCAL.2.6.5,CAL,
13_39,123_4,3,CAL.2.5.4xCAL.2.6.5,CAL,
13_40,,,CAL.2.5.4xCAL.2.6.5,CAL,
13_41,122_1,11,LON.1.10.2xCAL2.5.4,F1,
13_42,122_2,3,LON.1.10.2xCAL2.5.4,F1,
13_43,,,LON.1.10.2xCAL2.5.4,F1,
13_44,122_3,3,LON.1.10.2xCAL2.5.4,F1,
13_45,122_4,3,LON.1.10.2xCAL2.5.4,F1,
13_46,122_5,3,LON.1.10.2xCAL2.5.4,F1,
13_47,122_6,3,LON.1.10.2xCAL2.5.4,F1,
13_48,121_1,3,LON.1.10.2xCAL2.5.4,F1,
13_49,121_2,4,LON.1.10.2xCAL2.5.4,F1,
13_50,121_3,3,LON.1.10.2xCAL2.5.4,F1,
13_51,121_4,4,LON.1.10.2xCAL2.5.4,F1,
13_52,121_5,3,LON.1.10.2xCAL2.5.4,F1,
13_53,,,LON.1.10.2xCAL2.5.4,F1,
13_54,,,LON.1.10.2xCAL2.5.4,F1,
13_55,121_6,7,LON.1.10.2xCAL2.5.4,F1,
13_56,,,LON.1.10.2xCAL2.5.4,F1,
13_57,120_1,3,LON.1.10.2xCAL2.5.4,F1,
13_58,,,LON.1.10.2xCAL2.5.4,F1,
13_59,,,LON.1.10.2xCAL2.5.4,F1,
13_60,120_2,6,LON.1.10.2xCAL2.5.4,F1,
13_61,,3,LON.1.10.2xCAL2.5.4,F1,destroyed by rain/leak
13_62,,6,LON.1.10.2xCAL2.5.4,F1,destroyed by rain/leak
13_63,,3,LON.1.10.2xCAL2.5.4,F1,destroyed by rain/leak
13_64,,3,LON.1.10.2xCAL2.5.4,F1,destroyed by rain/leak
13_65,120_3,3,LON.1.10.2xCAL2.5.4,F1,
13_66,120_4,3,LON.1.10.2xCAL2.5.4,F1,
13_67,,3,LON.1.10.2xCAL2.5.4,F1,desroyed by rain/leak
13_68,,,LON.1.10.2xCAL2.5.4,F1,desroyed by rain/leak
13_69,120_5,3,LON.1.10.2xCAL2.5.4,F1,
13_70,120_6,7,LON.1.10.2xCAL2.5.4,F1,
13_71,119_1,3,LON.1.10.2xCAL2.5.4,F1,
13_72,119_2,7,LON.1.10.2xCAL2.5.4,F1,
13_73,119_3,6,LON.1.10.2xCAL2.5.4,F1,
13_74,119_4,3,LON.1.10.2xCAL2.5.4,F1,
13_75,119_5,9,LON.1.10.2xCAL2.5.4,F1,
13_76,,,LON.1.10.2xCAL2.5.4,F1,
13_77,118_1,3,LON.1.10.2xCAL2.5.4,F1,
13_78,118_2,3,LON.1.10.2xCAL2.5.4,F1,
13_79,118_3,5,LON.1.10.2xCAL2.5.4,F1,
13_80,118_4,3,LON.1.10.2xCAL2.5.4,F1,
14_1,140_1,3,LON.1.7.1xLON.1.10.2,LON,
14_2,140_2,3,LON.1.7.1xLON.1.10.2,LON,
14_3,140_3,3,LON.1.7.1xLON.1.10.2,LON,
14_4,140_4,7,LON.1.7.1xLON.1.10.2,LON,
14_5,140_5,3,LON.1.7.1xLON.1.10.2,LON,
14_6,140_6,3,LON.1.7.1xLON.1.10.2,LON,
14_7,139_1,3,LON.1.7.1xLON.1.10.2,LON,
14_8,139_2,4,LON.1.7.1xLON.1.10.2,LON,
14_9,139_3,3,LON.1.7.1xLON.1.10.2,LON,
14_10,,,LON.1.7.1xLON.1.10.2,LON,
14_11,139_4,5,LON.1.7.1xLON.1.10.2,LON,
14_12,,,LON.1.7.1xLON.1.10.2,LON,
14_13,139_5,3,LON.1.7.1xLON.1.10.2,LON,
14_14,139_6,3,LON.1.7.1xLON.1.10.2,LON,
14_15,138_1,4,LON.1.7.1xLON.1.10.2,LON,
14_16,138_2,3,LON.1.7.1xLON.1.10.2,LON,
14_17,138_3,3,LON.1.7.1xLON.1.10.2,LON,
14_18,138_4,4,LON.1.7.1xLON.1.10.2,LON,
14_19,138_5,9,LON.1.7.1xLON.1.10.2,LON,
14_20,,,LON.1.7.1xLON.1.10.2,LON,destroyed by rain/leak
14_21,138_6,3,LON.1.7.1xLON.1.10.2,LON,
14_22,,,LON.1.7.1xLON.1.10.2,LON,
14_23,137_1,3,LON.1.7.1xLON.1.10.2,LON,
14_24,137_2,4,LON.1.7.1xLON.1.10.2,LON,
14_25,137_3,3,LON.1.7.1xLON.1.10.2,LON,
14_26,137_4,3,LON.1.7.1xLON.1.10.2,LON,
14_27,137_5,3,LON.1.7.1xLON.1.10.2,LON,
14_28,,,LON.1.7.1xLON.1.10.2,LON,
14_29,137_6,3,LON.1.7.1xLON.1.10.2,LON,
14_30,136_1,3,LON.1.7.1xLON.1.10.2,LON,
14_31,136_2,3,LON.1.7.1xLON.1.10.2,LON,
14_32,136_3,4,LON.1.7.1xLON.1.10.2,LON,
14_33,136_4,6,LON.1.7.1xLON.1.10.2,LON,
14_34,,,LON.1.7.1xLON.1.10.2,LON,
14_35,136_5,9,LON.1.7.1xLON.1.10.2,LON,
14_36,135_1,3,LON.1.7.1xLON.1.10.2,LON,
14_37,,,LON.1.7.1xLON.1.10.2,LON,
14_38,135_2,3,LON.1.7.1xLON.1.10.2,LON,
14_39,135_3,3,LON.1.7.1xLON.1.10.2,LON,
14_40,135_4,3,LON.1.7.1xLON.1.10.2,LON,
14_41,134_1,3,CAL.2.5.4xLON.1.10.2,LON,
14_42,134_2,3,CAL.2.5.4xLON.1.10.2,LON,
14_43,134_3,3,CAL.2.5.4xLON.1.10.2,F1,
14_44,,,CAL.2.5.4xLON.1.10.2,F1,
14_45,134_4,3,CAL.2.5.4xLON.1.10.2,F1,
14_46,134_5,3,CAL.2.5.4xLON.1.10.2,F1,
14_47,134_6,3,CAL.2.5.4xLON.1.10.2,F1,
14_48,,,CAL.2.5.4xLON.1.10.2,F1,
14_49,,,CAL.2.5.4xLON.1.10.2,F1,
14_50,133_1,3,CAL.2.5.4xLON.1.10.2,F1,
14_51,133_2,3,CAL.2.5.4xLON.1.10.2,F1,
14_52,133_3,3,CAL.2.5.4xLON.1.10.2,F1,
14_53,,,CAL.2.5.4xLON.1.10.2,F1,
14_54,133_4,3,CAL.2.5.4xLON.1.10.2,F1,
14_55,133_5,3,CAL.2.5.4xLON.1.10.2,F1,
14_56,133_6,3,CAL.2.5.4xLON.1.10.2,F1,
14_57,132_1,3,CAL.2.5.4xLON.1.10.2,F1,
14_58,,11,CAL.2.5.4xLON.1.10.2,F1,
14_59,132_2,11,CAL.2.5.4xLON.1.10.2,F1,
14_60,132_3,4,CAL.2.5.4xLON.1.10.2,F1,
14_61,132_4,3,CAL.2.5.4xLON.1.10.2,F1,
14_62,132_5,3,CAL.2.5.4xLON.1.10.2,F1,
14_63,132_6,5,CAL.2.5.4xLON.1.10.2,F1,
14_64,131_1,3,CAL.2.5.4xLON.1.10.2,F1,
14_65,131_2,4,CAL.2.5.4xLON.1.10.2,F1,
14_66,131_3,3,CAL.2.5.4xLON.1.10.2,F1,
14_67,131_4,6,CAL.2.5.4xLON.1.10.2,F1,
14_68,131_5,3,CAL.2.5.4xLON.1.10.2,F1,
14_69,131_6,3,CAL.2.5.4xLON.1.10.2,F1,
14_70,130_1,3,CAL.2.5.4xLON.1.10.2,F1,
14_71,130_2,9,CAL.2.5.4xLON.1.10.2,F1,
14_72,130_3,5,CAL.2.5.4xLON.1.10.2,F1,
14_73,130_4,3,CAL.2.5.4xLON.1.10.2,F1,
14_74,130_5,5,CAL.2.5.4xLON.1.10.2,F1,
14_75,,,CAL.2.5.4xLON.1.10.2,F1,
14_76,,,CAL.2.5.4xLON.1.10.2,F1,
14_77,129_1,3,CAL.2.5.4xLON.1.10.2,F1,
14_78,129_2,3,CAL.2.5.4xLON.1.10.2,F1,
14_79,129_3,3,CAL.2.5.4xLON.1.10.2,F1,
14_80,129_4,5,CAL.2.5.4xLON.1.10.2,F1,